[
    {
        "title": "Two-Color Coherent Photodissociation of Nitrogen Oxide in Intense Laser  Fields",
        "authors": [
            "Juhi-Lian Julian Ting"
        ],
        "subject": "Chemical Physics"
    },
    {
        "title": "Integral equation theory for the electrode-electrolyte interface with  the central force water model. Results for an aqueous solution of sodium  chloride",
        "authors": [
            "M. Vossen",
            "F. Forstmann"
        ],
        "subject": "Chemical Physics"
    },
    {
        "title": "Finding matched rms envelopes in rf linacs: A Hamiltonian approach",
        "authors": [
            "Robert D. Ryne"
        ],
        "subject": "Accelerator Physics"
    },
    {
        "title": "Coupling Impedances and Heating due to Slots in the KEK B-factory",
        "authors": [
            "Sergey S. Kurennoy",
            "Yong Ho Chin"
        ],
        "subject": "Accelerator Physics"
    },
    {
        "title": "North Atlantic thermohaline circulation predictability in a coupled  ocean-atmosphere model",
        "authors": [
            "Stephen M. Griffies",
            "Kirk Bryan"
        ],
        "subject": "Atmospheric and Oceanic Physics"
    },
    {
        "title": "A linear thermohaline oscillator driven by stochastic atmospheric  forcing",
        "authors": [
            "Stephen M. Griffies",
            "Eli Tziperman"
        ],
        "subject": "Atmospheric and Oceanic Physics"
    },
    {
        "title": "Structure of Si12 Cluster",
        "authors": [
            "Atul Bahel",
            "Mushti V. Ramakrishna"
        ],
        "subject": "Chemical Physics"
    },
    {
        "title": "Structure of Silicon Clusters",
        "authors": [
            "Jun Pan",
            "Atul Bahel",
            "Mushti V. Ramakrishna"
        ],
        "subject": "Chemical Physics"
    },
    {
        "title": "Spectral Shifts of Semiconductor Clusters",
        "authors": [
            "Antonietta Tomasulo",
            "Mushti V. Ramakrishnai"
        ],
        "subject": "Chemical Physics"
    },
    {
        "title": "\"The numerical accuracy of truncated Ewald sums for periodic systems  with long-range Coulomb interactions\"",
        "authors": [
            "Gerhard Hummer"
        ],
        "subject": "Chemical Physics"
    },
    {
        "title": "Critical Behavior of the Widom-Rowlinson Lattice Model",
        "authors": [
            "Ronald Dickman",
            "George Stell"
        ],
        "subject": "Chemical Physics"
    },
    {
        "title": "Sequence Dependence of Self-Interacting Random Chains",
        "authors": [
            "Anders Irback",
            "Holm Schwarze"
        ],
        "subject": "Chemical Physics"
    },
    {
        "title": "A Variational Approach for Minimizing Lennard-Jones Energies",
        "authors": [
            "Carsten Peterson",
            "Ola Sommelius",
            "Bo Söderberg"
        ],
        "subject": "Chemical Physics"
    },
    {
        "title": "Application of Gradient-Corrected Density Functional Theory to the  Structures and Thermochemistries of $\\mbox{ScF}_3$, $\\mbox{TiF}_4$,  $\\mbox{VF}_5$, and $\\mbox{CrF}_6$",
        "authors": [
            "Thomas V. Russo",
            "Richard L. Martin",
            "P. Jeffrey Hay"
        ],
        "subject": "Chemical Physics"
    },
    {
        "title": "A Monte Carlo study of temperature-programmed desorption spectra with  attractive lateral interactions",
        "authors": [
            "A.P.J. Jansen"
        ],
        "subject": "Chemical Physics"
    },
    {
        "title": "Nonlinearity and trapping in excitation transfer: Dimers and Trimers.",
        "authors": [
            "Ivan Barvik",
            "Bernd Esser",
            "Holger Schanz"
        ],
        "subject": "Chemical Physics"
    },
    {
        "title": "Excitonic - vibronic coupled dimers: A dynamic approach",
        "authors": [
            "Bernd Esser",
            "Holger Schanz"
        ],
        "subject": "Chemical Physics"
    },
    {
        "title": "Conductivity of a Relativistic Plasma",
        "authors": [
            "Bastiaan J. Braams",
            "Charles F. F. Karney"
        ],
        "subject": "Plasma Physics"
    },
    {
        "title": "Stellarator News for January, 1995",
        "authors": [
            "James A. Rome"
        ],
        "subject": "Plasma Physics"
    },
    {
        "title": "Excitation of Large-ktheta Ion-Berstein Waves in Tokamaks",
        "authors": [
            "E. J. Valeo",
            "N. J. Fisch"
        ],
        "subject": "Plasma Physics"
    },
    {
        "title": "A Study of Influence of Synchrotron Radiation Quantum Fluctuations on  the Synchrotron Oscillations of a Single Electron Using Undulator Radiation",
        "authors": [
            "A.N.Aleshaev",
            "I.V.Pinayev",
            "V.M.Popik",
            "S.S.Serednyakov",
            "T.V.Shaftan",
            "A.S.Sokolov",
            "N.A.Vinokurov",
            "P.V.Vorob'ev"
        ],
        "subject": "Accelerator Physics"
    },
    {
        "title": "Beam Dynamics problems in a muon collider",
        "authors": [
            "R.B.Palmer",
            "J.C.Gallardo",
            "R.C.Fernow",
            "H.Kirk",
            "I.Stumer",
            "Y.Y.Lee",
            "M.Syphers",
            "Y.Torun",
            "D.Winn",
            "D.Neuffer",
            "Y.Cho",
            "J.Norem",
            "N.Mokhov",
            "R.Noble",
            "A.Tollestrup",
            "R.Scanlan",
            "S.Caspi",
            "O.Napoly"
        ],
        "subject": "Accelerator Physics"
    },
    {
        "title": "Muon Transverse Ionization Cooling: Stochastic Approach",
        "authors": [
            "Richard C. Fernow",
            "Juan C. Gallardo"
        ],
        "subject": "Accelerator Physics"
    },
    {
        "title": "MONTE CARLO SIMULATIONS OF MUON PRODUCTION",
        "authors": [
            "R.B.Palmer",
            "J.C.Gallardo",
            "R.C.Fernow",
            "Y.Torun",
            "D.Neuffer",
            "D.Winn"
        ],
        "subject": "Accelerator Physics"
    },
    {
        "title": "A Scaling Theory for Horizontally Homogeneous, Baroclinically Unstable  Flow on a Beta-Plane",
        "authors": [
            "Isaac M. Held",
            "Vitaly D. Larichev"
        ],
        "subject": "Atmospheric and Oceanic Physics"
    },
    {
        "title": "Stellarator News, Issue 38, March 1995",
        "authors": [
            "James A. Rome"
        ],
        "subject": "Plasma Physics"
    },
    {
        "title": "Narrowing of Bennett Hole in Collisional Plasma",
        "authors": [
            "E. V. Podivilov",
            "D. A. Shapiro",
            "M. G. Stepanov"
        ],
        "subject": "Plasma Physics"
    },
    {
        "title": "A General Approach for Calculating Coupling Impedances of Small  Discontinuities",
        "authors": [
            "Sergey S. Kurennoy",
            "Robert L. Gluckstern",
            "Gennady V. Stupakov"
        ],
        "subject": "Accelerator Physics"
    },
    {
        "title": "Trapped Modes in the Vacuum Chamber of an Arbitrary Cross Section",
        "authors": [
            "Sergey S. Kurennoy",
            "Gennady V. Stupakov"
        ],
        "subject": "Accelerator Physics"
    },
    {
        "title": "Polarizabilities of an Annular Cut and Coupling Impedances of  Button-Type Beam Position Monitors",
        "authors": [
            "Sergey S. Kurennoy"
        ],
        "subject": "Accelerator Physics"
    },
    {
        "title": "The stability of a zonally averaged thermohaline circulation model",
        "authors": [
            "G.A. Schmidt",
            "L.A. Mysak"
        ],
        "subject": "Atmospheric and Oceanic Physics"
    },
    {
        "title": "Confidence Intervals from One One Observation",
        "authors": [
            "Carlos C. Rodriguez"
        ],
        "subject": "Data Analysis, Statistics and Probability"
    },
    {
        "title": "Temperature Dependence of the Optical Response of Small Sodium Clusters",
        "authors": [
            "Aurel Bulgac",
            "Caio Lewenkopf"
        ],
        "subject": "Chemical Physics"
    },
    {
        "title": "Metal-Insulator Transition in C60-Polymers",
        "authors": [
            "Kikuo Harigaya"
        ],
        "subject": "Chemical Physics"
    },
    {
        "title": "Application of A Distributed Nucleus Approximation In Grid Based  Minimization of the Kohn-Sham Energy Functional",
        "authors": [
            "Karthik A. Iyer",
            "Michael P. Merrick",
            "Thomas L. Beck"
        ],
        "subject": "Chemical Physics"
    },
    {
        "title": "Density functional theory using an optimized exchange-correlation  potential",
        "authors": [
            "Tobias Grabo",
            "E.K.U. Gross"
        ],
        "subject": "Chemical Physics"
    },
    {
        "title": "Chaotic advection in three-dimensional unsteady incompressible laminar  flow",
        "authors": [
            "Julyan H. E. Cartwright",
            "Mario Feingold",
            "Oreste Piro"
        ],
        "subject": "Chaotic Dynamics"
    },
    {
        "title": "RFQ-DRL MATCHING SOLUTIONS FOR DIFFERENT REQUIREMENTS",
        "authors": [
            "D. Raparia"
        ],
        "subject": "Accelerator Physics"
    },
    {
        "title": "Stroboscopic Laser Diagnostics for Detection of Ordering in  One-Dimensional Ion beam",
        "authors": [
            "R. Calabrese",
            "V. Guidi",
            "P.Lenisa",
            "E. Mariotti",
            "L. Moi",
            "U.Tambini"
        ],
        "subject": "Accelerator Physics"
    },
    {
        "title": "Interpretation of TOVS Water Vapor Radiances Using a Random Strong Line  Model",
        "authors": [
            "Brian J. Soden",
            "Francis P. Bretherton"
        ],
        "subject": "Atmospheric and Oceanic Physics"
    },
    {
        "title": "On finite-size effects in computer simulations using the Ewald potential",
        "authors": [
            "Francisco Figueirido",
            "Gabriela S. Del Buono",
            "Ronald M. Levy"
        ],
        "subject": "Chemical Physics"
    },
    {
        "title": "Global geometry optimization of clusters using a growth strategy  optimized by a genetic algorithm",
        "authors": [
            "Bernd Hartke"
        ],
        "subject": "Chemical Physics"
    },
    {
        "title": "Studies of an Off-Lattice Model for Protein Folding: Sequence Dependence  and Improved Sampling at Finite Temperature",
        "authors": [
            "Anders Irbäck",
            "Frank Potthast"
        ],
        "subject": "Chemical Physics"
    },
    {
        "title": "Sequence Dependence in an Off-Lattice Model for Protein Folding",
        "authors": [
            "Anders Irbäck",
            "Frank Potthast"
        ],
        "subject": "Chemical Physics"
    },
    {
        "title": "On the free energy of ionic hydration",
        "authors": [
            "Gerhard Hummer",
            "Lawrence R. Pratt",
            "Angel E. Garcia"
        ],
        "subject": "Chemical Physics"
    },
    {
        "title": "Thermodynamics of helix-coil transitions studied by multicanonical  algorithms",
        "authors": [
            "Yuko Okamoto",
            "Ulrich H.E. Hansmann"
        ],
        "subject": "Chemical Physics"
    },
    {
        "title": "Stellarator News, Issue 39, May 1995",
        "authors": [
            "James A. Rome"
        ],
        "subject": "Plasma Physics"
    },
    {
        "title": "Pitch Perception of Complex Sounds: Nonlinearity Revisited",
        "authors": [
            "D.L. Gonzalez",
            "L. Morettini",
            "F. Sportolari",
            "O. Rosso",
            "J.H.E. Cartwright",
            "O. Piro"
        ],
        "subject": "Chaotic Dynamics"
    },
    {
        "title": "Normal Mode Tunes for Linear Coupled Motion in Six Dimensional Phase  Space",
        "authors": [
            "G. Parzen"
        ],
        "subject": "Accelerator Physics"
    },
    {
        "title": "Bayes linear adjustment for variance matrices",
        "authors": [
            "Darren J Wilkinson",
            "Michael Goldstein"
        ],
        "subject": "Data Analysis, Statistics and Probability"
    },
    {
        "title": "Bayes linear covariance matrix adjustment for multivariate dynamic  linear models",
        "authors": [
            "Darren J Wilkinson",
            "Michael Goldstein"
        ],
        "subject": "Data Analysis, Statistics and Probability"
    },
    {
        "title": "Minimal information in velocity space",
        "authors": [
            "Guillaume Evrard"
        ],
        "subject": "Data Analysis, Statistics and Probability"
    },
    {
        "title": "Suppressing Random Walks in Markov Chain Monte Carlo Using Ordered  Overrelaxation",
        "authors": [
            "R. M. Neal"
        ],
        "subject": "Data Analysis, Statistics and Probability"
    },
    {
        "title": "Quantum Confinement Effects in Semiconductor Clusters II",
        "authors": [
            "Antonietta Tomasulo",
            "Mushti V. Ramakrishna"
        ],
        "subject": "Chemical Physics"
    },
    {
        "title": "Chemistry of Nanoscale Semiconductor Clusters",
        "authors": [
            "Jun Pan",
            "Atul Bahel",
            "Mushti V. Ramakrishna"
        ],
        "subject": "Chemical Physics"
    },
    {
        "title": "Growth Pattern of Silicon Clusters",
        "authors": [
            "Atul Bahel",
            "Jun Pan",
            "Mushti V. Ramakrishna"
        ],
        "subject": "Chemical Physics"
    },
    {
        "title": "Titrating Polyelectrolytes - Variational Calculations and Monte Carlo  Simulations",
        "authors": [
            "B. Jönsson",
            "M. Ullner",
            "C. Peterson",
            "O. Sommelius",
            "B. Söderberg"
        ],
        "subject": "Chemical Physics"
    },
    {
        "title": "Radiation Rates for Low Z Impurities in Edge Plasmas",
        "authors": [
            "R. Clark",
            "J. Abdallah",
            "D. Post"
        ],
        "subject": "Plasma Physics"
    },
    {
        "title": "Analytic Criteria for Power Exhaust in Divertors due to Impurity  Radiation",
        "authors": [
            "D. Post",
            "N. Putvinskaya",
            "F. W. Perkins",
            "W. Nevins"
        ],
        "subject": "Plasma Physics"
    },
    {
        "title": "A Review of Recent Developments in Atomic Processes for Divertors and  Edge Plasmas",
        "authors": [
            "D. E. Post"
        ],
        "subject": "Plasma Physics"
    },
    {
        "title": "Calculations of Energy Losses due to Atomic Processes in Tokamaks with  Applications to the ITER Divertor",
        "authors": [
            "D. Post",
            "J. Abdallah",
            "R. E. H. Clark",
            "N. Putvinskaya"
        ],
        "subject": "Plasma Physics"
    },
    {
        "title": "Coaxial Ring Cyclotron as a Perspective Nuclear Power Engineering  Machine",
        "authors": [
            "A.R.Tumanyan",
            "Kh.A.Simonyan",
            "R.L.Mkrtchyan",
            "A.Ts.Amatuni",
            "R.O.Avakyan",
            "A.G.Khudaverdyan"
        ],
        "subject": "Accelerator Physics"
    },
    {
        "title": "The Markoff-Automaton - a New Algorithm for Simulating the  Time--Evolution of Large Stochastic Dynamic Systems",
        "authors": [
            "Thomas Fricke",
            "Dietmar Wendt"
        ],
        "subject": "Chemical Physics"
    },
    {
        "title": "Spectrum Generating Algebra for X$_{3}$ Molecules",
        "authors": [
            "R. Bijker",
            "A.E.L. Dieperink",
            "A. Leviatan"
        ],
        "subject": "Chemical Physics"
    },
    {
        "title": "Kinetic and thermodynamic analysis of proteinlike heteropolymers: Monte  Carlo histogram technique",
        "authors": [
            "Nicholas D. Socci",
            "José Nelson Onuchic"
        ],
        "subject": "Chemical Physics"
    },
    {
        "title": "The hydration free energy of water",
        "authors": [
            "Gerhard Hummer",
            "Lawrence R. Pratt",
            "Angel E. Garcia"
        ],
        "subject": "Chemical Physics"
    },
    {
        "title": "Bifurcation in Rotational Spectra of Nonlinear AB$_2$ Molecules",
        "authors": [
            "I.N. Kozin",
            "I.M. Pavlichenkov"
        ],
        "subject": "Chemical Physics"
    },
    {
        "title": "Studies of Plasma Detachment Using a One Dimensional Model for Divertor  Operation",
        "authors": [
            "R. A. Vesey",
            "D. E. Post",
            "G. Bateman"
        ],
        "subject": "Plasma Physics"
    },
    {
        "title": "Detailed Radiative Transport Modeling of a Radiative Divertor",
        "authors": [
            "A. S. Wan",
            "H. E. Dalhed",
            "H. A. Scott",
            "D. E. Post",
            "T. D. Rognlien"
        ],
        "subject": "Plasma Physics"
    },
    {
        "title": "Linear Orbit Parameters for the Exact Equations of Motion",
        "authors": [
            "G. Parzen"
        ],
        "subject": "Accelerator Physics"
    },
    {
        "title": "Mechanisms of Seasonal - ENSO interaction",
        "authors": [
            "Eli Tziperman",
            "Steve Zebiak",
            "Mark Cane"
        ],
        "subject": "Atmospheric and Oceanic Physics"
    },
    {
        "title": "A generalized local approximation to the exchange potential",
        "authors": [
            "Aurel Bulgac",
            "Caio Lewenkopf",
            "Vadim Mickrjukov"
        ],
        "subject": "Chemical Physics"
    },
    {
        "title": "Electrostatic potential of a homogeneously charged square and cube in  two and three dimensions",
        "authors": [
            "Gerhard Hummer"
        ],
        "subject": "Chemical Physics"
    },
    {
        "title": "Coherent Control of Isotope Separation in HD+ Photodissociation by  Strong Fields",
        "authors": [
            "Eric Charron",
            "Annick Giusti-Suzor",
            "Frederick Mies"
        ],
        "subject": "Chemical Physics"
    },
    {
        "title": "Bond Orientational Order, Molecular Motion and Free Energy of High  Density DNA Mesophases",
        "authors": [
            "R. Podgornik",
            "H.H. Strey",
            "K. Gawrisch",
            "D.C. Rau",
            "A. Rupprecht",
            "V.A. Parsegian"
        ],
        "subject": "Chemical Physics"
    },
    {
        "title": "Hadley circulations and large scale motions of moist convection in the  two dimensional numerical model",
        "authors": [
            "Masaki Satoh"
        ],
        "subject": "Atmospheric and Oceanic Physics"
    },
    {
        "title": "2-2 and 2-3 Intercombination Transitions in Be-like Ions",
        "authors": [
            "Yu.V.Ralchenko",
            "L.A.Vainshtein"
        ],
        "subject": "Atomic Physics"
    },
    {
        "title": "Conventional Quantum Chemical Correlation Energy versus  Density-Functional Correlation Energy",
        "authors": [
            "E.K.U. Gross",
            "M. Petersilka",
            "T. Grabo"
        ],
        "subject": "Atomic Physics"
    },
    {
        "title": "Nuclear spin--rotation interaction in the hydrogen molecular ion",
        "authors": [
            "James F. Babb"
        ],
        "subject": "Atomic Physics"
    },
    {
        "title": "Hyperspherical Close-Coupling Calculation of D-wave Positronium  Formation and Excitation Cross Sections in Positron-Hydrogen Scattering",
        "authors": [
            "Yan Zhou",
            "C. D. Lin"
        ],
        "subject": "Atomic Physics"
    },
    {
        "title": "Squeezing in the interaction of radiation with two-level atoms",
        "authors": [
            "Abir Bandyopadhyay",
            "Jagdish Rai"
        ],
        "subject": "Atomic Physics"
    },
    {
        "title": "Electron impact excitation cross sections for allowed transitions in  atoms",
        "authors": [
            "V. Fisher",
            "V. Bernshtam",
            "H. Golten",
            "Y. Maron"
        ],
        "subject": "Atomic Physics"
    },
    {
        "title": "Iterative Solution of the Ornstein-Zernike Equation with Various  Closures Using Vector Extrapolation",
        "authors": [
            "Herbert H. H. Homeier",
            "Sebastian Rast",
            "Hartmut Krienke"
        ],
        "subject": "Chemical Physics"
    },
    {
        "title": "Ultrashort Laser-pulse Diagnostics for Detection of Ordering within an  Ion beam",
        "authors": [
            "R. Calabrese",
            "V. Guidi",
            "P.Lenisa",
            "E. Mariotti",
            "L. Moi",
            "U.Tambini"
        ],
        "subject": "Accelerator Physics"
    },
    {
        "title": "Polarizabilities of an Annular Cut in the Wall of an Arbitrary Thickness",
        "authors": [
            "Sergey S. Kurennoy"
        ],
        "subject": "Accelerator Physics"
    },
    {
        "title": "Full Phase-Space Analysis of Particle Beam Transport in the Thermal Wave  Model",
        "authors": [
            "R. Fedele",
            "F. Galluccio",
            "V.I. Man'ko",
            "G. Miele"
        ],
        "subject": "Accelerator Physics"
    },
    {
        "title": "Radiation Damping and Quantum Excitation for Longitudinal Charged  Particle Dynamics in the Thermal Wave Model",
        "authors": [
            "R. Fedele",
            "G. Miele",
            "L. Palumbo"
        ],
        "subject": "Accelerator Physics"
    },
    {
        "title": "Construction of Nonlinear Symplectic Six-Dimensional Thin-Lens Maps by  Exponentiation",
        "authors": [
            "K. Heinemann",
            "G. Ripken",
            "F. Schmidt"
        ],
        "subject": "Accelerator Physics"
    },
    {
        "title": "Linear Parameters and the Decoupling Matrix for Linearly Coupled Motion  in 6 Dimensional Phase Space",
        "authors": [
            "G. Parzen"
        ],
        "subject": "Accelerator Physics"
    },
    {
        "title": "A Stochastic Diffusion Model of Climate Change",
        "authors": [
            "Jon D. Pelletier"
        ],
        "subject": "Atmospheric and Oceanic Physics"
    },
    {
        "title": "Quantum state diffusion with a moving basis: computing quantum-optical  spectra",
        "authors": [
            "R. Schack",
            "T. A. Brun",
            "I. C. Percival"
        ],
        "subject": "Atomic Physics"
    },
    {
        "title": "Quantum uncertainties in coupled harmonic oscillator",
        "authors": [
            "Abir Bandyopadhyay",
            "Jagdish Rai"
        ],
        "subject": "Atomic Physics"
    },
    {
        "title": "Band Gaps for Atoms in Light based Waveguides",
        "authors": [
            "J.J. Hope",
            "C.M. Savage"
        ],
        "subject": "Atomic Physics"
    },
    {
        "title": "Introduction to light forces, atom cooling, and atom trapping",
        "authors": [
            "Craig Savage"
        ],
        "subject": "Atomic Physics"
    },
    {
        "title": "Bayesian Variable Selection with Related Predictors",
        "authors": [
            "Hugh Chipman"
        ],
        "subject": "Data Analysis, Statistics and Probability"
    },
    {
        "title": "A Heuristic Molecular Model of Hydrophobic Interactions",
        "authors": [
            "G. Hummer",
            "S. Garde",
            "A. E. Garcia",
            "A. Pohorille",
            "L. R. Pratt"
        ],
        "subject": "Chemical Physics"
    },
    {
        "title": "Mixed Direct-Iterative Methods for Boundary Integral Formulations of  Dielectric Solvation Models",
        "authors": [
            "S. A. Corcelli",
            "J. D. Kress",
            "L. R. Pratt",
            "G. J. Tawa"
        ],
        "subject": "Chemical Physics"
    },
    {
        "title": "Boundary Integral Methods for the Poisson Equation of Continuum  Dielectric Solvation Models",
        "authors": [
            "L. R. Pratt",
            "G. J. Tawa",
            "G. Hummer",
            "A. E. Garcia",
            "S. A. Corcelli"
        ],
        "subject": "Chemical Physics"
    },
    {
        "title": "A Blocking Technique for Emulating Very Large Polyelectrolytes",
        "authors": [
            "C. Peterson",
            "O. Sommelius",
            "B. Soderberg"
        ],
        "subject": "Chemical Physics"
    },
    {
        "title": "Global Diffusion in a Realistic Three-Dimensional Time-Dependent  Nonturbulent Fluid Flow",
        "authors": [
            "Julyan H.E. Cartwright",
            "Mario Feingold",
            "Oreste Piro"
        ],
        "subject": "Chaotic Dynamics"
    },
    {
        "title": "On the Use of Quantum Algebras in Rotation-Vibration Spectroscopy",
        "authors": [
            "R. Barbier",
            "M. Kibler"
        ],
        "subject": "Atomic Physics"
    },
    {
        "title": "Two-Photon Spectroscopy Between States of Opposite Parities",
        "authors": [
            "M. Daoud",
            "M. Kibler"
        ],
        "subject": "Atomic Physics"
    },
    {
        "title": "Bayesian Method of Moments (BMOM) Analysis of Mean and Regression Models",
        "authors": [
            "Arnold Zellner"
        ],
        "subject": "Data Analysis, Statistics and Probability"
    },
    {
        "title": "The Atomic and Electronic Structure of Liquid N- Methylformamide as  Determined from Diffraction Experiments",
        "authors": [
            "J. Neuefeind",
            "M. D. Zeidler",
            "H. F. Poulsen"
        ],
        "subject": "Chemical Physics"
    },
    {
        "title": "Influence of surfactants on the structure of titanium oxide gels :  experiments and simulations",
        "authors": [
            "Francois R. Molino",
            "J. M. Barthez",
            "A. Ayral",
            "C. Guizard",
            "R. Jullien",
            "J. Marignan"
        ],
        "subject": "Chemical Physics"
    },
    {
        "title": "A Simple Multiprocessor Management System for Event-Parallel Computing",
        "authors": [
            "Steve Bracker",
            "Krishnaswamy Gounder",
            "Kevin Hendrix",
            "Don Summers"
        ],
        "subject": "High Energy Physics - Experiment"
    },
    {
        "title": "A New Look at the Landau's Theory of Spreading and Damping of Waves in  Collisionless Plasmas",
        "authors": [
            "V.N. Soshnikov"
        ],
        "subject": "Plasma Physics"
    },
    {
        "title": "On the conical refraction of hydromagnetic waves in plasma with  anisotropic thermal pressure",
        "authors": [
            "David Tsiklauri"
        ],
        "subject": "Plasma Physics"
    },
    {
        "title": "Particle Motion in the Stable Region Near an Edge of a Linear  Half-Integer Stopband",
        "authors": [
            "G. Parzen"
        ],
        "subject": "Accelerator Physics"
    },
    {
        "title": "The Periodic Table in Flatland",
        "authors": [
            "T. Negadi",
            "M. Kibler"
        ],
        "subject": "Atomic Physics"
    },
    {
        "title": "Coulomb Energy Averaged over the $n\\ell^N$-Atomic States with a Definite  Spin",
        "authors": [
            "M. Kibler",
            "Yu.F. Smirnov"
        ],
        "subject": "Atomic Physics"
    },
    {
        "title": "Conditional Hamiltonian and Reset Operator in the Quantum Jump Approach",
        "authors": [
            "Gerhard C. Hegerfeldt",
            "Dirk G. Sondermann"
        ],
        "subject": "Atomic Physics"
    },
    {
        "title": "Bayes linear covariance matrix adjustment",
        "authors": [
            "Darren J Wilkinson"
        ],
        "subject": "Data Analysis, Statistics and Probability"
    },
    {
        "title": "Monte-Carlo studies of bosonic van der Waals clusters",
        "authors": [
            "M. Meierovich",
            "A. Mushinski",
            "M.P. Nightingale"
        ],
        "subject": "Chemical Physics"
    },
    {
        "title": "Fractal Dimension of Disordered Submonolayers: Determination from He  Scattering Data",
        "authors": [
            "D.A. Hamburger",
            "A.T. Yinnon",
            "R.B. Gerber"
        ],
        "subject": "Chemical Physics"
    },
    {
        "title": "Optical Theorem and the Inversion of Cross Section Data for Atom  Scattering from Defects on Surfaces",
        "authors": [
            "D.A. Hamburger",
            "R.B. Gerber"
        ],
        "subject": "Chemical Physics"
    },
    {
        "title": "Evidence for Non-Random Hydrophobicity Structures in Protein Chains",
        "authors": [
            "Anders Irbäck",
            "Carsten Peterson",
            "Frank Potthast"
        ],
        "subject": "Chemical Physics"
    },
    {
        "title": "On the geometry and conformation of starburst dendrimers",
        "authors": [
            "Antonio de Padua",
            "J.A. de Miranda-Neto",
            "Isaac M. Xavier Jr.",
            "Fernando Moraes"
        ],
        "subject": "Chemical Physics"
    },
    {
        "title": "Direct subsurface absorption of hydrogen on Pd(111)",
        "authors": [
            "Ole Martin Løvvik",
            "Roar Aspesæter Olsen"
        ],
        "subject": "Chemical Physics"
    },
    {
        "title": "Quantum Effects in Barrier Dynamics",
        "authors": [
            "Joachim Ankerhold",
            "Hermann Grabert"
        ],
        "subject": "Chemical Physics"
    },
    {
        "title": "He Scattering from Compact Clusters and from Diffusion-Limited  Aggregates on Surfaces: Observable Signatures of Structure",
        "authors": [
            "Daniel A. Hamburger",
            "A. Tamar Yinnon",
            "Itshak Farbman",
            "Avinoam Ben-Shaul",
            "R. Benny Gerber"
        ],
        "subject": "Chemical Physics"
    },
    {
        "title": "Nature of Driving Force for Protein Folding -- A Result From Analyzing  the Statistical Potential",
        "authors": [
            "Hao Li",
            "Chao Tang",
            "Ned Wingreen"
        ],
        "subject": "Statistical Mechanics"
    },
    {
        "title": "Probability and Measurement Uncertainty in Physics - a Bayesian Primer",
        "authors": [
            "G. D'Agostini"
        ],
        "subject": "High Energy Physics - Phenomenology"
    },
    {
        "title": "Power Balance in the ITER Plasma and Divertor",
        "authors": [
            "D. E. Post",
            "B. Braams",
            "J. Mandrekas",
            "W. Stacey",
            "N. Putvinskaya"
        ],
        "subject": "Plasma Physics"
    },
    {
        "title": "Experimental Divertor Similarity Database Parameters",
        "authors": [
            "I. H. Hutchinson",
            "B. LaBombard",
            "B. Lipschultz"
        ],
        "subject": "Plasma Physics"
    }
]